chip_id,event_id,hazard,reason
DFO5067_r18944_c13824,DFO5067,Flooded,"missing_required:s2_pre,s2_post"
DFO5067_r21504_c2048,DFO5067,Flooded,"missing_required:s2_pre,s2_post"
DFO5067_r6144_c2560,DFO5067,Flooded,"missing_required:s2_pre,s2_post"
DFO5067_r7680_c2560,DFO5067,Flooded,"missing_required:s2_pre,s2_post"
DFO5067_r9728_c0000,DFO5067,Flooded,"missing_required:s2_pre,s2_post"
DFO5473_r0512_c4096,DFO5473,Flooded,"missing_required:s2_pre,s2_post"
DFO5473_r1024_c3584,DFO5473,Flooded,"missing_required:s2_pre,s2_post"
DFO5473_r2560_c3584,DFO5473,Flooded,"missing_required:s2_pre,s2_post"
DFO5473_r5632_c2560,DFO5473,Flooded,"missing_required:s2_pre,s2_post"
DFO5473_r5632_c3072,DFO5473,Flooded,"missing_required:s2_pre,s2_post"
GS1e44ee58aaab_r0512_c2048,GS1e44ee58aaab,Flooded,"missing_required:s2_pre,s2_post"
GS1e44ee58aaab_r1024_c1024,GS1e44ee58aaab,Flooded,"missing_required:s2_pre,s2_post"
GS1e44ee58aaab_r1536_c0512,GS1e44ee58aaab,Flooded,"missing_required:s2_pre,s2_post"
GS1e44ee58aaab_r1536_c1024,GS1e44ee58aaab,Flooded,"missing_required:s2_pre,s2_post"
GS1e44ee58aaab_r1536_c1536,GS1e44ee58aaab,Flooded,"missing_required:s2_pre,s2_post"
GS9db479c4b20b_r1536_c0512,GS9db479c4b20b,Flooded,"missing_required:s2_pre,s2_post"
GS9db479c4b20b_r2048_c0512,GS9db479c4b20b,Flooded,"missing_required:s2_pre,s2_post"
GS9db479c4b20b_r2560_c0512,GS9db479c4b20b,Flooded,"missing_required:s2_pre,s2_post"
GS9db479c4b20b_r2560_c1024,GS9db479c4b20b,Flooded,"missing_required:s2_pre,s2_post"
GS9db479c4b20b_r3072_c0512,GS9db479c4b20b,Flooded,"missing_required:s2_pre,s2_post"
GSa125e6db8321_r0000_c3072,GSa125e6db8321,Flooded,"missing_required:s2_pre,s2_post"
GSa125e6db8321_r0512_c1024,GSa125e6db8321,Flooded,"missing_required:s2_pre,s2_post"
GSa125e6db8321_r0512_c1536,GSa125e6db8321,Flooded,"missing_required:s2_pre,s2_post"
GSa125e6db8321_r1024_c0000,GSa125e6db8321,Flooded,"missing_required:s2_pre,s2_post"
GSa125e6db8321_r1536_c0512,GSa125e6db8321,Flooded,"missing_required:s2_pre,s2_post"
GSce99a17d53ee_r0000_c0000,GSce99a17d53ee,Flooded,"missing_required:s2_pre,s2_post"
GSce99a17d53ee_r0000_c1536,GSce99a17d53ee,Flooded,"missing_required:s2_pre,s2_post"
GSce99a17d53ee_r0512_c0000,GSce99a17d53ee,Flooded,"missing_required:s2_pre,s2_post"
GSce99a17d53ee_r0512_c1024,GSce99a17d53ee,Flooded,"missing_required:s2_pre,s2_post"
GSce99a17d53ee_r1024_c0000,GSce99a17d53ee,Flooded,"missing_required:s2_pre,s2_post"
